sereal_number,last_name,first_name,hire_date,employee_number
1,Smith,John,9/22/2006,E5002
2,Johnson,Jane,2/22/2010,E7015
3,Williams,Michael,1/20/2005,E6692
4,Brown,Emily,8/14/2001,E7295
5,Jones,David,7/16/2017,E6607
6,Garcia,Sarah,6/30/2005,E5063
7,Miller,James,10/26/2000,E1531
8,Davis,Jessica,1/27/2000,E4711
9,Martinez,Robert,9/21/2006,E3916
10,Hernandez,Laura,12/15/2005,E6966
11,Lopez,Daniel,12/18/2008,E2174
12,Gonzalez,Emma,12/27/2014,E6254
13,Wilson,Matthew,7/16/2005,E9298
14,Anderson,Sophia,11/15/2013,E8911
15,Thomas,Andrew,6/9/2005,E2177
16,Taylor,Olivia,10/15/2009,E5938
17,Moore,oshua,3/20/2014,E9574
18,Jackson,Grace,3/6/2010,E4238
19,Martin,Ethan,5/27/2014,E5494
20,Lee,Mia,9/25/2019,E1511
21,Perez,yan,6/1/2018,E7535
